iso_code,continent,location,last_updated_date,total_cases,total_deaths,total_cases_per_million,total_deaths_per_million,people_vaccinated,people_fully_vaccinated_per_hundred,population
AFG,Asia,Afghanistan,2024-08-04,235214.0,7998.0,5796.468,197.098,,,41128772.0
OWID_AFR,,Africa,2024-08-04,13145380.0,259117.0,9088.877,179.157,,,1426736614.0
ALB,Europe,Albania,2024-08-04,335047.0,3605.0,118491.02,1274.926,,,2842318.0
DZA,Africa,Algeria,2024-08-04,272139.0,6881.0,5984.05,151.306,,,44903228.0
ASM,Oceania,American Samoa,2024-08-04,8359.0,34.0,172831.6,702.988,,,44295.0
AND,Europe,Andorra,2024-08-04,48015.0,159.0,602280.44,1994.431,,,79843.0
AGO,Africa,Angola,2024-08-04,107481.0,1937.0,3016.162,54.357,,,35588996.0
AIA,North America,Anguilla,2024-08-04,3904.0,12.0,274890.88,844.951,,,15877.0
ATG,North America,Antigua and Barbuda,2024-08-04,9106.0,146.0,98071.1,1572.412,,,93772.0
ARG,South America,Argentina,2024-08-04,10101218.0,130663.0,222455.06,2877.538,,,45510324.0
ARM,Asia,Armenia,2024-08-04,452273.0,8777.0,156991.11,3046.635,,,2780472.0
ABW,North America,Aruba,2024-08-04,44224.0,292.0,410271.62,2708.921,,,106459.0
OWID_ASI,,Asia,2024-08-14,301499099.0,1637249.0,63948.2,347.262,3689438947.0,73.33,4721383370.0
AUS,Oceania,Australia,2024-08-04,11861161.0,25236.0,452699.0,963.17,,,26177410.0
AUT,Europe,Austria,2024-08-04,6082444.0,22534.0,671004.9,2485.912,,,8939617.0
AZE,Asia,Azerbaijan,2024-08-04,835757.0,10353.0,81178.445,1005.604,,,10358078.0
BHS,North America,Bahamas,2024-08-04,39127.0,849.0,98421.81,2135.612,,,409989.0
BHR,Asia,Bahrain,2024-08-04,696614.0,1536.0,454276.25,1001.657,,,1472237.0
BGD,Asia,Bangladesh,2024-08-04,2051348.0,29499.0,12110.572,174.154,,,171186368.0
BRB,North America,Barbados,2024-08-04,108582.0,593.0,384600.7,2100.424,,,281646.0
BLR,Europe,Belarus,2024-08-04,994037.0,7118.0,108362.68,775.953,,,9534956.0
BEL,Europe,Belgium,2024-08-04,4872829.0,34339.0,418562.72,2949.626,,,11655923.0
BLZ,North America,Belize,2024-08-04,71414.0,688.0,177319.92,1708.294,,,405285.0
BEN,Africa,Benin,2024-08-04,28036.0,163.0,2037.573,11.846,,,13352864.0
BMU,North America,Bermuda,2024-08-04,18860.0,165.0,291175.2,2547.397,,,64207.0
BTN,Asia,Bhutan,2024-08-04,62697.0,21.0,80286.07,26.891,,,782457.0
BOL,South America,Bolivia,2024-08-04,1212147.0,22387.0,100366.93,1853.665,,,12224114.0
BES,North America,Bonaire Sint Eustatius and Saba,2024-08-04,11922.0,41.0,416067.56,1430.865,,,27052.0
BIH,Europe,Bosnia and Herzegovina,2024-08-04,403666.0,16392.0,125956.49,5114.82,,,3233530.0
BWA,Africa,Botswana,2024-08-04,330696.0,2801.0,135536.98,1148.0,,,2630300.0
BRA,South America,Brazil,2024-08-04,37511921.0,702116.0,178367.94,3338.538,,,215313504.0
VGB,North America,British Virgin Islands,2024-08-04,7557.0,64.0,197084.3,1669.101,,,31332.0
BRN,Asia,Brunei,2024-08-04,347723.0,179.0,763598.6,393.084,,,449002.0
BGR,Europe,Bulgaria,2024-08-04,1329988.0,38700.0,194845.4,5669.613,,,6781955.0
BFA,Africa,Burkina Faso,2024-08-04,22139.0,400.0,983.56,17.771,,,22673764.0
BDI,Africa,Burundi,2024-08-04,54569.0,15.0,4096.433,1.126,,,12889583.0
KHM,Asia,Cambodia,2024-08-04,139319.0,3056.0,8099.134,177.657,,,16767851.0
CMR,Africa,Cameroon,2024-08-04,125246.0,1974.0,4532.516,71.437,,,27914542.0
CAN,North America,Canada,2024-08-04,4819055.0,55282.0,124134.43,1424.014,,,38454328.0
CPV,Africa,Cape Verde,2024-08-04,64474.0,417.0,124048.1,802.309,,,593162.0
CYM,North America,Cayman Islands,2024-08-04,31472.0,37.0,439497.84,516.695,,,68722.0
CAF,Africa,Central African Republic,2024-08-04,15441.0,113.0,3028.812,22.165,,,5579148.0
TCD,Africa,Chad,2024-08-04,7702.0,194.0,417.332,10.512,,,17723312.0
CHL,South America,Chile,2024-08-04,5401126.0,62730.0,276229.6,3208.198,,,19603736.0
CHN,Asia,China,2024-08-04,99373219.0,122304.0,69726.805,85.817,,,1425887360.0
COL,South America,Colombia,2024-08-04,6391876.0,142727.0,123543.3,2758.652,,,51874028.0
COM,Africa,Comoros,2024-08-04,9109.0,160.0,10919.549,191.802,,,836783.0
COG,Africa,Congo,2024-08-04,25227.0,389.0,4180.042,64.456,,,5970430.0
COK,Oceania,Cook Islands,2024-08-04,7345.0,2.0,498067.4,135.621,,,17032.0
CRI,North America,Costa Rica,2024-08-04,1234701.0,9372.0,242966.97,1844.241,,,5180836.0
CIV,Africa,Cote d'Ivoire,2024-08-04,88434.0,835.0,2909.492,27.472,,,28160548.0
HRV,Europe,Croatia,2024-08-04,1317144.0,18752.0,337121.47,4799.552,,,4030361.0
CUB,North America,Cuba,2024-08-04,1113662.0,8530.0,100694.4,771.26,,,11212198.0
CUW,North America,Curacao,2024-08-04,45883.0,305.0,247546.55,1645.527,,,191173.0
CYP,Europe,Cyprus,2024-08-04,696410.0,1451.0,523075.38,1089.85,,,896007.0
CZE,Europe,Czechia,2024-08-12,4761919.0,43509.0,446155.97,4076.466,6982006.0,65.71,10493990.0
COD,Africa,Democratic Republic of Congo,2024-08-04,101009.0,1474.0,986.445,14.395,,,99010216.0
DNK,Europe,Denmark,2024-08-04,3435679.0,9693.0,582032.56,1642.075,,,5882259.0
DJI,Africa,Djibouti,2024-08-04,15690.0,189.0,13798.259,166.212,,,1120851.0
DMA,North America,Dominica,2024-08-04,16047.0,74.0,240044.88,1106.956,,,72758.0
DOM,North America,Dominican Republic,2024-08-04,661103.0,4384.0,58865.52,390.357,,,11228821.0
TLS,Asia,East Timor,2024-08-04,23460.0,138.0,17132.854,100.781,,,1341298.0
ECU,South America,Ecuador,2024-08-04,1077445.0,36050.0,60449.453,2022.565,,,18001002.0
EGY,Africa,Egypt,2024-08-04,516023.0,24830.0,4582.054,220.479,,,110990096.0
SLV,North America,El Salvador,2024-08-04,201920.0,4230.0,32151.248,673.533,,,6336393.0
GNQ,Africa,Equatorial Guinea,2024-08-04,17130.0,183.0,9497.935,101.467,,,1674916.0
ERI,Africa,Eritrea,2024-08-04,10189.0,103.0,2988.457,30.21,,,3684041.0
EST,Europe,Estonia,2024-08-12,610471.0,2998.0,452169.94,2220.589,870213.0,65.06,1326064.0
SWZ,Africa,Eswatini,2024-08-04,75356.0,1427.0,61821.89,1170.708,,,1201680.0
ETH,Africa,Ethiopia,2024-08-04,501193.0,7574.0,3997.255,60.406,,,123379928.0
OWID_EUR,,Europe,2024-08-14,252916868.0,2102483.0,337990.34,2809.694,523814328.0,66.29,744807803.0
OWID_EUN,,European Union (27),2024-08-14,185822587.0,1262988.0,413754.22,2812.18,338119562.0,72.86,450146793.0
FLK,South America,Falkland Islands,2024-08-04,1923.0,0.0,547083.94,0.0,,,3801.0
FRO,Europe,Faroe Islands,2024-08-04,34658.0,28.0,641351.6,518.144,,,53117.0
FJI,Oceania,Fiji,2024-08-04,69047.0,885.0,75097.78,962.555,,,929769.0
FIN,Europe,Finland,2024-08-04,1499712.0,11466.0,269281.97,2058.787,,,5540745.0
FRA,Europe,France,2024-08-04,38997490.0,168091.0,606706.0,2615.087,,,67813000.0
GUF,South America,French Guiana,2024-08-04,98041.0,413.0,328644.84,1384.424,,,304568.0
PYF,Oceania,French Polynesia,2024-08-04,79387.0,650.0,283131.66,2318.208,,,306292.0
GAB,Africa,Gabon,2024-08-04,49051.0,307.0,20179.352,126.298,,,2388997.0
GMB,Africa,Gambia,2024-08-04,12627.0,372.0,4789.353,141.098,,,2705995.0
GEO,Asia,Georgia,2024-08-04,1863615.0,17150.0,491099.22,4519.362,,,3744385.0
DEU,Europe,Germany,2024-08-04,38437756.0,174979.0,457123.1,2080.947,,,83369840.0
GHA,Africa,Ghana,2024-08-04,172062.0,1462.0,5190.54,44.104,,,33475870.0
GIB,Europe,Gibraltar,2024-08-04,20550.0,113.0,546092.3,3002.844,,,32677.0
GRC,Europe,Greece,2024-08-04,5673681.0,39258.0,544892.3,3770.283,,,10384972.0
GRL,North America,Greenland,2024-08-04,11971.0,21.0,213714.42,374.906,,,56494.0
GRD,North America,Grenada,2024-08-04,19693.0,238.0,168419.88,2035.441,,,125459.0
GLP,North America,Guadeloupe,2024-08-04,203235.0,1021.0,528290.6,2653.995,,,395762.0
GUM,Oceania,Guam,2024-08-04,52287.0,419.0,316520.7,2536.427,,,171783.0
GTM,North America,Guatemala,2024-08-04,1250371.0,20203.0,70057.125,1131.955,,,17843914.0
GGY,Europe,Guernsey,2024-08-04,35326.0,67.0,554150.6,1051.013,,,63329.0
GIN,Africa,Guinea,2024-08-04,38572.0,468.0,2744.335,33.297,,,13859349.0
GNB,Africa,Guinea-Bissau,2024-08-04,9614.0,177.0,4566.056,84.064,,,2105580.0
GUY,South America,Guyana,2024-08-04,74443.0,1302.0,90603.38,1584.643,,,808727.0
HTI,North America,Haiti,2024-08-04,34456.0,860.0,2995.235,74.759,,,11585003.0
OWID_HIC,,High-income countries,2024-08-14,429044049.0,2997359.0,351468.5,2455.406,998723024.0,74.31,1250514600.0
HND,North America,Honduras,2024-08-04,472896.0,11114.0,45193.176,1062.13,,,10432858.0
HKG,Asia,Hong Kong,2024-08-10,,,,,6920120.0,90.85,7488863.0
HUN,Europe,Hungary,2024-08-04,2230800.0,49053.0,230352.08,5065.206,,,9967304.0
ISL,Europe,Iceland,2024-08-04,210374.0,186.0,553080.2,489.0,,,372903.0
IND,Asia,India,2024-08-12,45041748.0,533623.0,31598.86,374.361,1027438924.0,67.18,1417173120.0
IDN,Asia,Indonesia,2024-08-04,6829399.0,162059.0,24493.01,581.21,,,275501344.0
IRN,Asia,Iran,2024-08-04,7627863.0,146837.0,85204.44,1640.192,,,88550568.0
IRQ,Asia,Iraq,2024-08-04,2465545.0,25375.0,55945.402,575.781,,,44496124.0
IRL,Europe,Ireland,2024-08-04,1745088.0,9744.0,341503.62,1906.844,,,5023108.0
IMN,Europe,Isle of Man,2024-08-04,38008.0,116.0,451701.84,1378.589,,,84534.0
ISR,Asia,Israel,2024-08-04,4841558.0,12707.0,531855.56,1395.891,,,9449000.0
ITA,Europe,Italy,2024-08-07,26781078.0,197307.0,449202.94,3309.459,,,59037472.0
JAM,North America,Jamaica,2024-08-04,157181.0,3611.0,55361.973,1271.859,,,2827382.0
JPN,Asia,Japan,2024-08-04,33803572.0,74694.0,270433.8,597.564,,,123951696.0
JEY,Europe,Jersey,2024-08-04,66391.0,161.0,641502.3,1555.661,,,110796.0
JOR,Asia,Jordan,2024-08-04,1746997.0,14122.0,155202.16,1254.59,,,11285875.0
KAZ,Asia,Kazakhstan,2024-08-04,1504370.0,19072.0,75088.555,951.953,,,19397998.0
KEN,Africa,Kenya,2024-08-04,344106.0,5689.0,6342.68,104.862,,,54027484.0
KIR,Oceania,Kiribati,2024-08-04,5085.0,24.0,38971.19,183.935,,,131237.0
OWID_KOS,Europe,Kosovo,2024-08-04,274279.0,3212.0,159654.83,1869.67,,,1782115.0
KWT,Asia,Kuwait,2024-08-04,667290.0,2570.0,145394.48,559.972,,,4268886.0
KGZ,Asia,Kyrgyzstan,2024-08-04,88953.0,1024.0,12788.335,147.215,,,6630621.0
LAO,Asia,Laos,2024-08-04,219060.0,671.0,28979.996,88.768,,,7529477.0
LVA,Europe,Latvia,2024-08-04,977765.0,7475.0,519795.25,3973.828,,,1850654.0
LBN,Asia,Lebanon,2024-08-04,1239904.0,10947.0,215842.16,1905.651,,,5489744.0
LSO,Africa,Lesotho,2024-08-04,36138.0,709.0,15807.624,310.134,,,2305826.0
LBR,Africa,Liberia,2024-08-04,7930.0,294.0,1475.817,54.715,,,5302690.0
LBY,Africa,Libya,2024-08-04,507269.0,6437.0,70221.87,891.082,,,6812344.0
LIE,Europe,Liechtenstein,2024-08-04,21588.0,89.0,548810.25,2262.558,,,39355.0
LTU,Europe,Lithuania,2024-08-14,1369355.0,9810.0,486117.47,3482.525,1958300.0,68.4,2750058.0
OWID_LIC,,Low-income countries,2024-08-04,1944334.0,43529.0,2712.27,60.721,,,737604900.0
OWID_LMC,,Lower-middle-income countries,2024-08-12,91954400.0,1188026.0,28590.73,369.385,2281867638.0,59.82,3432097300.0
LUX,Europe,Luxembourg,2024-08-04,393542.0,1000.0,602376.2,1530.653,,,647601.0
MDG,Africa,Madagascar,2024-08-04,68567.0,1428.0,2252.732,46.916,,,29611718.0
MWI,Africa,Malawi,2024-08-04,89168.0,2686.0,4335.124,130.587,,,20405318.0
MYS,Asia,Malaysia,2024-08-14,5309410.0,37351.0,153028.81,1076.538,28138569.0,81.18,33938216.0
MDV,Asia,Maldives,2024-08-04,186694.0,316.0,356207.4,602.92,,,523798.0
MLI,Africa,Mali,2024-08-04,33166.0,743.0,1437.46,32.203,,,22593598.0
MLT,Europe,Malta,2024-08-04,122796.0,922.0,232482.77,1745.571,,,533293.0
MHL,Oceania,Marshall Islands,2024-08-04,16297.0,17.0,406469.78,424.004,,,41593.0
MTQ,North America,Martinique,2024-08-04,230354.0,1104.0,659169.44,3159.151,,,367512.0
MRT,Africa,Mauritania,2024-08-04,63872.0,997.0,13100.216,204.486,,,4736146.0
MUS,Africa,Mauritius,2024-08-04,328167.0,1073.0,257157.16,840.821,,,1299478.0
MYT,Africa,Mayotte,2024-08-04,42027.0,187.0,137667.97,612.556,,,326113.0
MEX,North America,Mexico,2024-08-04,7619458.0,334551.0,59243.242,2601.22,,,127504120.0
FSM,Oceania,Micronesia (country),2024-08-04,31765.0,65.0,283302.4,579.715,,,114178.0
MDA,Europe,Moldova,2024-08-04,637520.0,12245.0,209711.42,4027.978,,,3272993.0
MCO,Europe,Monaco,2024-08-04,17181.0,67.0,441115.3,1720.198,,,36491.0
MNG,Asia,Mongolia,2024-08-04,1011489.0,2136.0,298725.5,630.83,,,3398373.0
MNE,Europe,Montenegro,2024-08-04,251280.0,2654.0,408818.03,4317.904,,,627082.0
MSR,North America,Montserrat,2024-08-04,1403.0,8.0,313449.5,1787.31,,,4413.0
MAR,Africa,Morocco,2024-08-04,1279115.0,16305.0,34265.92,436.791,,,37457976.0
MOZ,Africa,Mozambique,2024-08-04,233843.0,2252.0,7160.744,68.961,,,32969520.0
MMR,Asia,Myanmar,2024-08-04,642885.0,19494.0,11959.141,362.633,,,54179312.0
NAM,Africa,Namibia,2024-08-04,172533.0,4108.0,59706.86,1421.617,,,2567024.0
NRU,Oceania,Nauru,2024-08-04,5393.0,1.0,456221.97,84.595,,,12691.0
NPL,Asia,Nepal,2024-08-04,1003450.0,12031.0,33768.65,404.874,,,30547586.0
NLD,Europe,Netherlands,2024-08-04,8640008.0,22986.0,482562.8,1283.817,,,17564020.0
NCL,Oceania,New Caledonia,2024-08-04,80163.0,314.0,279186.16,1093.578,,,289959.0
NZL,Oceania,New Zealand,2024-08-11,2639048.0,4284.0,514260.6,834.806,,,5185289.0
NIC,North America,Nicaragua,2024-08-04,16185.0,245.0,2404.667,36.401,,,6948395.0
NER,Africa,Niger,2024-08-04,9518.0,315.0,376.028,12.445,,,26207982.0
NGA,Africa,Nigeria,2024-08-04,267188.0,3155.0,1197.342,14.138,,,218541216.0
NIU,Oceania,Niue,2024-08-04,1074.0,0.0,582429.5,0.0,,,1952.0
OWID_NAM,,North America,2024-08-04,124492666.0,1671178.0,205992.19,2765.22,458563506.0,65.71,600323657.0
PRK,Asia,North Korea,2024-08-04,0.0,0.0,0.0,0.0,,,26069416.0
MKD,Europe,North Macedonia,2024-08-04,350924.0,9978.0,190695.11,5422.131,,,2093606.0
MNP,Oceania,Northern Mariana Islands,2024-08-04,14912.0,41.0,323463.7,889.352,,,49574.0
NOR,Europe,Norway,2024-08-04,1512647.0,5732.0,277204.28,1050.434,,,5434324.0
OWID_OCE,,Oceania,2024-08-11,15003352.0,32918.0,333039.8,730.704,28960501.0,62.33,45038860.0
OMN,Asia,Oman,2024-08-04,399449.0,4628.0,84446.055,978.389,,,4576300.0
PAK,Asia,Pakistan,2024-08-04,1580631.0,30656.0,6485.952,125.794,,,235824864.0
PLW,Oceania,Palau,2024-08-04,6372.0,10.0,358299.6,562.303,,,18084.0
PSE,Asia,Palestine,2024-08-04,703228.0,5708.0,132552.62,1075.91,,,5250076.0
PAN,North America,Panama,2024-08-04,1044821.0,8748.0,237417.66,1987.833,,,4408582.0
PNG,Oceania,Papua New Guinea,2024-08-04,46864.0,670.0,4593.08,65.666,,,10142625.0
PRY,South America,Paraguay,2024-08-04,735759.0,19880.0,108832.664,2940.628,,,6780745.0
PER,South America,Peru,2024-08-04,4526977.0,220975.0,135232.81,6601.11,,,34049588.0
PHL,Asia,Philippines,2024-08-04,4140383.0,66864.0,36330.51,586.71,,,115559008.0
PCN,Oceania,Pitcairn,2024-08-04,4.0,0.0,88888.89,0.0,,,47.0
POL,Europe,Poland,2024-08-04,6670799.0,120726.0,173783.28,3145.075,,,39857144.0
PRT,Europe,Portugal,2024-08-04,5664109.0,28809.0,543733.1,2765.556,,,10270857.0
PRI,North America,Puerto Rico,2024-08-04,1252713.0,5938.0,386523.97,1832.167,,,3252412.0
QAT,Asia,Qatar,2024-08-04,514524.0,690.0,177884.27,238.551,,,2695131.0
REU,Africa,Reunion,2024-08-04,494595.0,921.0,567494.2,1056.748,,,974062.0
ROU,Europe,Romania,2024-08-04,3541619.0,68825.0,184779.06,3590.849,,,19659270.0
RUS,Europe,Russia,2024-08-04,24268728.0,403188.0,166703.84,2769.531,,,144713312.0
RWA,Africa,Rwanda,2024-08-04,133264.0,1468.0,9762.196,107.538,,,13776702.0
BLM,North America,Saint Barthelemy,2024-08-04,5507.0,5.0,503014.25,456.704,,,10994.0
SHN,Africa,Saint Helena,2024-08-04,2166.0,0.0,403427.1,0.0,,,5401.0
KNA,North America,Saint Kitts and Nevis,2024-08-04,6607.0,46.0,141383.66,984.357,,,47681.0
LCA,North America,Saint Lucia,2024-08-04,30282.0,410.0,169368.1,2293.142,,,179872.0
MAF,North America,Saint Martin (French part),2024-08-04,12324.0,46.0,426465.5,1591.806,,,31816.0
SPM,North America,Saint Pierre and Miquelon,2024-08-04,3426.0,2.0,594791.7,347.222,,,5885.0
VCT,North America,Saint Vincent and the Grenadines,2024-08-04,9674.0,124.0,94785.52,1214.948,,,103959.0
WSM,Oceania,Samoa,2024-08-04,17057.0,31.0,79235.75,144.006,,,222390.0
SMR,Europe,San Marino,2024-08-04,25292.0,126.0,741418.25,3693.606,,,33690.0
STP,Africa,Sao Tome and Principe,2024-08-04,6771.0,80.0,29918.74,353.493,,,227393.0
SAU,Asia,Saudi Arabia,2024-08-04,841469.0,9646.0,26152.596,299.795,,,36408824.0
SEN,Africa,Senegal,2024-08-04,89485.0,1971.0,5069.656,111.664,,,17316452.0
SRB,Europe,Serbia,2024-08-04,2583470.0,18057.0,380413.34,2658.875,,,6871547.0
SYC,Africa,Seychelles,2024-08-04,51886.0,172.0,413328.88,1370.169,,,107135.0
SLE,Africa,Sierra Leone,2024-08-04,7979.0,125.0,964.019,15.102,,,8605723.0
SGP,Asia,Singapore,2024-08-04,3006155.0,2024.0,532073.56,358.237,,,5637022.0
SXM,North America,Sint Maarten (Dutch part),2024-08-04,11051.0,92.0,262101.84,2182.008,,,44192.0
SVK,Europe,Slovakia,2024-08-04,1878002.0,21227.0,343127.25,3878.357,,,5643455.0
SVN,Europe,Slovenia,2024-08-04,1356582.0,10083.0,641340.2,4766.858,,,2119843.0
SLB,Oceania,Solomon Islands,2024-08-04,25954.0,199.0,33228.562,254.777,,,724272.0
SOM,Africa,Somalia,2024-08-04,27334.0,1361.0,1535.455,76.453,,,17597508.0
ZAF,Africa,South Africa,2024-08-04,4072765.0,102595.0,65291.246,1644.72,,,59893884.0
OWID_SAM,,South America,2024-08-04,68809418.0,1354187.0,159838.72,3145.667,,,436816679.0
KOR,Asia,South Korea,2024-08-04,34571873.0,35934.0,667636.06,693.941,,,51815808.0
SSD,Africa,South Sudan,2024-08-04,18823.0,147.0,1707.894,13.338,,,10913172.0
ESP,Europe,Spain,2024-08-04,13980340.0,121852.0,292302.16,2547.692,,,47558632.0
LKA,Asia,Sri Lanka,2024-08-04,672798.0,16907.0,29463.502,740.4,,,21832150.0
SDN,Africa,Sudan,2024-08-04,63993.0,5046.0,1295.842,102.18,,,46874200.0
SUR,South America,Suriname,2024-08-04,82501.0,1406.0,132388.6,2256.195,,,618046.0
SWE,Europe,Sweden,2024-08-04,2755181.0,27399.0,262715.12,2612.58,,,10549349.0
CHE,Europe,Switzerland,2024-08-04,4457868.0,14170.0,507026.47,1611.659,,,8740471.0
SYR,Asia,Syria,2024-08-04,57423.0,3163.0,2556.432,140.815,,,22125242.0
TJK,Asia,Tajikistan,2024-08-04,17786.0,125.0,1746.769,12.276,,,9952789.0
TZA,Africa,Tanzania,2024-08-04,43230.0,846.0,668.039,13.073,,,65497752.0
THA,Asia,Thailand,2024-08-04,4799180.0,34715.0,66901.21,483.932,,,71697024.0
TGO,Africa,Togo,2024-08-04,39530.0,290.0,4348.858,31.904,,,8848700.0
TKL,Oceania,Tokelau,2024-08-04,80.0,0.0,34602.074,0.0,,,1893.0
TON,Oceania,Tonga,2024-08-04,16976.0,12.0,161594.62,114.228,,,106867.0
TTO,North America,Trinidad and Tobago,2024-08-04,191496.0,4390.0,128012.02,2934.645,,,1531043.0
TUN,Africa,Tunisia,2024-08-04,1153361.0,29423.0,95167.016,2427.773,,,12356116.0
TUR,Asia,Turkey,2024-08-04,17004718.0,101419.0,195325.25,1164.953,,,85341248.0
TKM,Asia,Turkmenistan,2024-08-04,0.0,0.0,0.0,0.0,,,6430777.0
TCA,North America,Turks and Caicos Islands,2024-08-04,6805.0,40.0,148357.28,872.049,,,45726.0
TUV,Oceania,Tuvalu,2024-08-04,2943.0,1.0,293947.25,99.88,,,11335.0
UGA,Africa,Uganda,2024-08-04,172154.0,3632.0,3638.641,76.766,,,47249588.0
UKR,Europe,Ukraine,2024-08-04,5532777.0,109920.0,134785.47,2677.79,,,39701744.0
ARE,Asia,United Arab Emirates,2024-08-04,1067030.0,2349.0,104180.94,229.348,,,9441138.0
GBR,Europe,United Kingdom,2024-08-04,24974629.0,232112.0,366308.0,3404.434,,,67508936.0
USA,North America,United States,2024-08-04,103436829.0,1193165.0,302859.5,3493.546,,,338289856.0
VIR,North America,United States Virgin Islands,2024-08-04,25389.0,132.0,293443.22,1525.641,,,99479.0
OWID_UMC,,Upper-middle-income countries,2024-08-14,251753518.0,2824452.0,88856.516,996.892,2109015426.0,78.81,2525921300.0
URY,South America,Uruguay,2024-08-04,1041346.0,7682.0,307099.0,2265.466,,,3422796.0
UZB,Asia,Uzbekistan,2024-08-04,175081.0,1016.0,5011.054,29.079,,,34627648.0
VUT,Oceania,Vanuatu,2024-08-04,12019.0,14.0,38391.758,44.72,,,326744.0
VAT,Europe,Vatican,2024-08-04,26.0,0.0,50682.26,0.0,,,808.0
VEN,South America,Venezuela,2024-08-04,552695.0,5856.0,19590.072,207.564,,,28301700.0
VNM,Asia,Vietnam,2024-08-04,11624000.0,43206.0,116612.4,433.444,,,98186856.0
WLF,Oceania,Wallis and Futuna,2024-08-04,3760.0,9.0,326928.1,782.541,,,11596.0
OWID_WRL,,World,2024-08-14,775866783.0,7057132.0,97113.85,883.329,5631263739.0,64.93,7975105024.0
YEM,Asia,Yemen,2024-08-04,11945.0,2159.0,312.509,56.484,,,33696612.0
ZMB,Africa,Zambia,2024-08-04,349842.0,4077.0,17359.357,202.303,,,20017670.0
ZWE,Africa,Zimbabwe,2024-08-04,266386.0,5740.0,16577.57,357.208,,,16320539.0
