iso_code,people_fully_vaccinated_per_hundred,vaccination_as_of
FLK,46.7,2021-04-14
SHN,65.38,2021-05-05
BES,61.87,2021-09-01
MCO,70.34,2021-12-21
BIH,26.17,2022-01-29
FRO,76.99,2022-02-18
GRL,68.17,2022-03-14
ISL,77.82,2022-03-29
MNG,64.02,2022-05-11
SMR,70.15,2022-05-22
SUR,38.49,2022-05-23
ROU,41.28,2022-06-11
AUS,82.7,2022-06-17
ARE,103.72,2022-06-20
IMN,79.38,2022-06-23
SRB,47.71,2022-06-23
SVN,57.66,2022-07-05
BMU,74.22,2022-07-08
LVA,70.57,2022-07-11
GNQ,12.78,2022-07-24
COG,10.96,2022-07-31
SVK,45.68,2022-07-31
LAO,69.36,2022-08-11
JOR,40.39,2022-08-21
MNE,45.43,2022-08-26
AZE,46.94,2022-08-28
PCN,100.0,2022-08-29
DZA,14.43,2022-09-04
OWID_SCT,78.41,2022-09-11
GBR,75.19,2022-09-11
ATG,66.53,2022-09-16
VGB,58.28,2022-09-16
TTO,46.82,2022-09-21
CPV,52.05,2022-09-25
THA,74.6,2022-09-30
COM,47.45,2022-10-02
SLV,68.56,2022-10-02
BOL,50.4,2022-10-07
DMA,42.14,2022-10-07
MEX,64.19,2022-10-07
ZWE,29.11,2022-10-09
GEO,34.08,2022-10-13
PSE,33.85,2022-10-18
OMN,66.62,2022-10-25
BTN,86.61,2022-10-30
LKA,67.57,2022-10-30
SLB,35.12,2022-10-31
NOR,74.61,2022-11-13
VEN,52.88,2022-11-18
TUR,62.31,2022-11-22
KNA,56.63,2022-12-02
LCA,30.56,2022-12-02
TKL,116.38,2022-12-05
OWID_CYN,81.78,2022-12-06
LBR,70.36,2022-12-11
GIB,126.89,2022-12-16
MSR,44.23,2022-12-16
BEN,20.54,2022-12-18
GGY,83.23,2022-12-19
BHR,83.33,2022-12-21
LBN,43.98,2022-12-22
HUN,62.28,2022-12-27
IRQ,17.85,2023-01-02
TCA,67.16,2023-01-06
LBY,18.15,2023-01-16
KAZ,54.79,2023-01-17
WLF,58.67,2023-01-23
CAN,82.59,2023-01-25
JEY,73.9,2023-01-29
SGP,90.85,2023-01-31
TUV,83.86,2023-02-01
GAB,10.78,2023-02-05
CHL,90.29,2023-02-08
CHN,89.54,2023-02-09
OWID_KOS,46.3,2023-02-12
COK,86.47,2023-02-13
GUY,47.23,2023-02-17
CIV,43.2,2023-02-19
KIR,62.08,2023-02-20
NRU,89.4,2023-02-20
VUT,49.66,2023-02-20
CYP,72.11,2023-02-22
NIU,83.76,2023-03-04
TZA,49.11,2023-03-12
AIA,65.38,2023-03-17
GRD,31.11,2023-03-17
GMB,19.93,2023-03-19
LSO,40.68,2023-03-19
PHL,67.88,2023-03-19
SWE,71.98,2023-03-19
BRA,81.82,2023-03-22
OWID_WLS,78.14,2023-03-29
ECU,79.11,2023-03-31
SXM,60.58,2023-03-31
KEN,20.53,2023-04-02
SDN,28.62,2023-04-02
DEU,76.24,2023-04-07
SYC,78.0,2023-04-09
TON,72.39,2023-04-11
MAC,92.39,2023-04-13
WSM,80.02,2023-04-17
NZL,82.77,2023-04-18
SYR,10.66,2023-04-18
VCT,30.43,2023-04-21
SAU,69.86,2023-04-25
FJI,68.96,2023-05-01
PYF,60.99,2023-05-01
PNG,3.17,2023-05-01
ISR,65.19,2023-05-04
JPN,83.4,2023-05-07
MKD,40.04,2023-05-07
QAT,105.83,2023-05-07
NCL,63.74,2023-05-09
USA,69.47,2023-05-09
BHS,40.73,2023-05-12
BLZ,54.63,2023-05-12
CUW,52.77,2023-05-12
GTM,39.94,2023-05-12
PAN,72.0,2023-05-12
PRY,52.31,2023-05-12
MLI,16.08,2023-05-14
MAR,62.8,2023-05-14
EGY,38.15,2023-05-21
ZMB,46.03,2023-05-22
ESP,85.66,2023-05-24
MDV,73.53,2023-05-25
KOR,85.64,2023-05-26
ETH,35.38,2023-05-28
UGA,27.64,2023-05-28
COD,14.54,2023-06-04
SWZ,35.56,2023-06-04
RWA,75.49,2023-06-04
LUX,71.45,2023-06-11
TUN,51.81,2023-06-20
AUT,74.76,2023-06-30
BRN,99.49,2023-06-30
VNM,87.55,2023-06-30
GHA,32.2,2023-07-02
MOZ,64.7,2023-07-02
OWID_ENG,75.95,2023-07-10
FRA,78.44,2023-07-10
OWID_NIR,71.78,2023-07-11
BFA,23.08,2023-07-23
SOM,43.57,2023-07-25
MDG,8.88,2023-07-30
MUS,83.74,2023-07-30
NER,20.92,2023-07-30
STP,49.25,2023-07-30
SLE,57.66,2023-07-30
TKM,71.05,2023-08-06
HND,56.11,2023-08-11
NIC,88.17,2023-08-11
MMR,66.33,2023-08-21
BLR,67.28,2023-09-03
CAF,44.54,2023-09-03
KGZ,21.2,2023-09-08
ALB,45.01,2023-09-10
AND,67.01,2023-09-24
GIN,42.24,2023-09-24
MWI,21.01,2023-09-24
ZAF,35.13,2023-09-24
TWN,87.02,2023-09-24
RUS,55.08,2023-09-27
DNK,80.11,2023-09-29
NLD,67.0,2023-09-29
PRT,86.75,2023-09-29
ARM,37.07,2023-10-01
SSD,39.16,2023-10-01
JAM,26.88,2023-10-03
CRI,84.35,2023-10-06
DJI,35.79,2023-10-08
CMR,11.45,2023-10-15
GNB,26.01,2023-10-15
NGA,37.2,2023-11-05
POL,56.83,2023-11-09
NAM,21.46,2023-11-12
SEN,8.93,2023-11-12
URY,84.82,2023-11-13
PAK,59.57,2023-11-14
ITA,81.21,2023-11-16
MRT,32.53,2023-11-19
TGO,17.56,2023-11-19
TLS,59.77,2023-11-22
IDN,63.51,2023-11-23
NPL,80.11,2023-11-23
IRN,66.16,2023-11-26
KWT,78.39,2023-11-26
HRV,55.87,2023-11-28
PER,84.32,2023-12-10
YEM,2.4,2023-12-10
MDA,32.97,2023-12-23
TJK,52.17,2023-12-23
UKR,39.65,2023-12-23
UZB,53.29,2023-12-23
DOM,54.6,2023-12-28
BRB,55.05,2023-12-29
CYM,88.32,2023-12-29
COL,71.72,2023-12-29
HTI,3.16,2023-12-29
AFG,44.67,2023-12-31
OWID_AFR,32.41,2023-12-31
AGO,27.0,2023-12-31
BWA,63.24,2023-12-31
BDI,0.28,2023-12-31
KHM,87.63,2023-12-31
TCD,28.33,2023-12-31
OWID_LIC,27.79,2023-12-31
FIN,78.46,2024-01-09
ARG,76.69,2024-01-27
OWID_SAM,77.18,2024-01-27
BEL,78.68,2024-02-11
ABW,79.25,2024-03-12
MLT,88.43,2024-03-19
CUB,89.67,2024-04-12
IRL,80.94,2024-05-10
GRC,73.64,2024-06-26
BGR,30.64,2024-06-29
BGD,83.07,2024-07-01
OWID_NAM,65.71,2024-07-24
CZE,65.71,2024-07-31
HKG,90.85,2024-08-10
OWID_OCE,62.33,2024-08-11
EST,65.06,2024-08-12
IND,67.18,2024-08-12
OWID_LMC,59.82,2024-08-12
OWID_ASI,73.33,2024-08-14
OWID_EUR,66.29,2024-08-14
OWID_EUN,72.86,2024-08-14
OWID_HIC,74.31,2024-08-14
LTU,68.4,2024-08-14
MYS,81.18,2024-08-14
OWID_UMC,78.81,2024-08-14
OWID_WRL,64.93,2024-08-14
